{"schemaVersion":"1.0","appDefinitionTemplate":{"id":"/providers/Microsoft.PowerApps/apps/","type":"Microsoft.PowerApps/apps","tags":{"primaryDeviceWidth":"640","primaryDeviceHeight":"1136","supportsPortrait":"true","supportsLandscape":"true","primaryFormFactor":"Phone","showStatusBar":"false","publisherVersion":"3.24045.24","minimumRequiredApiVersion":"2.2.0","hasComponent":"false","hasUnlockedComponent":"false","isUnifiedRootApp":"false","sienaVersion":"20240514T213159Z-3.24045.24.0"},"properties":{"appVersion":"2024-05-14T21:31:59Z","lifeCycleId":"Published","createdByClientVersion":{"major":3,"minor":24045,"build":24,"revision":0,"majorRevision":0,"minorRevision":0},"minClientVersion":{"major":3,"minor":24045,"build":24,"revision":0,"majorRevision":0,"minorRevision":0},"backgroundColor":"RGBA(0,176,240,1)","backgroundImageUri":"/8051882750229515397/Nc01207bd-e482-45ce-8ac0-e472f10c2e32-logoSmallFile","displayName":"Aplicación vacaciones","description":"","commitMessage":"","appUris":{"documentUri":{"value":"/8051882750229515397/N7a4e974d-8c92-4a26-ba5b-9c99324930e2-document.msapp"},"imageUris":[],"additionalUris":[{"isSolutionAware":false,"value":"/8051882750229515397/N3dd8470e-4d58-44d0-ac03-1de4835d53ec-identity.json"}]},"createdTime":"0001-01-01T00:00:00Z","lastModifiedTime":"0001-01-01T00:00:00Z","sharedGroupsCount":0,"sharedUsersCount":0,"connectionReferences":{"cdc15e69-045c-4691-9270-4607a5c5121a":{"id":"d2a4e580-8c46-441e-b720-7e8a8dea0a40","displayName":"Excel","iconUri":"https://connectoricons-prod.azureedge.net/releases/v1.0.1686/1.0.1686.3695/excel/icon.png","dataSources":["Tabla1"],"dependencies":["0f407f95-d694-4161-a1ef-a1bac29dc1e0"],"dependents":[],"parameterHints":{"0f407f95-d694-4161-a1ef-a1bac29dc1e0":{"value":"fileSource"}},"parameterHintsV2":{"fileSource":{"value":"0f407f95-d694-4161-a1ef-a1bac29dc1e0"}},"isOnPremiseConnection":false,"dataSets":{"499547C5AE743F6A!1577":{"dataSources":{"Tabla1":{"tableName":"Tabla1"}}}},"apiTier":"Standard","isCustomApiConnection":false,"actions":["providers/PowerPlatform.Governance/Operations/Read","providers/PowerPlatform.Governance/Operations/Write","providers/PowerPlatform.Governance/Operations/Delete"]},"0f407f95-d694-4161-a1ef-a1bac29dc1e0":{"id":"97268419-4c0f-4cd7-ac88-b2a1a6d16070","displayName":"OneDrive","iconUri":"https://connectoricons-prod.azureedge.net/releases/v1.0.1689/1.0.1689.3722/onedrive/icon.png","dataSources":[],"dependencies":[],"dependents":["cdc15e69-045c-4691-9270-4607a5c5121a"],"parameterHints":{},"parameterHintsV2":{},"isOnPremiseConnection":false,"dataSets":{},"apiTier":"Standard","isCustomApiConnection":false}},"databaseReferences":{},"almMode":"Environment","performanceOptimizationEnabled":true,"canConsumeAppPass":true,"enableModernRuntimeMode":false,"executionRestrictions":{"isTeamsOnly":false,"dataLossPreventionEvaluationResult":{"status":"Compliant","lastEvaluationDate":"2024-05-14T21:32:01.4207774Z","violations":[],"violationsByPolicy":[],"violationErrorMessage":"La aplicación usa los siguientes conectores: shared_excel, shared_onedrive."}}},"appType":"ClassicCanvasApp","appComponents":[]}}